type_shoes,price,adress,image_link
Claquettes,8450,"Fass, Dakar, Sénégal",https://images.coinafrique.com/thumb_5047806_uploaded_image1_1731804849.jpg
Ensemble,1800,"Dakar Plateau, Dakar, Sénégal",https://images.coinafrique.com/thumb_5037805_uploaded_image1_1731321094.jpg
Ballerines,Prixsurdemande,"Dakar, Sénégal",https://images.coinafrique.com/thumb_5002639_uploaded_image1_1729418695.jpg
Baskets,6000,"Yoff, Dakar, Sénégal",https://images.coinafrique.com/thumb_4979173_uploaded_image1_1728164387.jpg
Baskets,6000,"Yoff, Dakar, Sénégal",https://images.coinafrique.com/thumb_4979163_uploaded_image1_1728163897.jpg
Jordan,20000,"Dakar, Sénégal",https://images.coinafrique.com/thumb_4976138_uploaded_image1_1728002356.jpg
jordans,20000,"Dakar Plateau, Dakar, Sénégal",https://images.coinafrique.com/thumb_4969624_uploaded_image1_1727758825.jpg
Chaussures,4000,"Dakar, Sénégal",https://images.coinafrique.com/thumb_4950665_uploaded_image1_1726682392.jpg
Chaussures,13000,"Dakar Plateau, Dakar, Sénégal",https://images.coinafrique.com/thumb_4934544_uploaded_image1_1725833379.jpg
Baskets,15000,"Dakar Plateau, Dakar, Sénégal",https://images.coinafrique.com/thumb_4930603_uploaded_image1_1725607998.jpg
Baskets,15000,"Dakar Plateau, Dakar, Sénégal",https://images.coinafrique.com/thumb_4930596_uploaded_image1_1725607117.jpg
Chaussures,17000,"Dakar, Sénégal",https://images.coinafrique.com/thumb_4928091_uploaded_image1_1725487369.jpg
Baskets,16000,"Dakar, Sénégal",https://images.coinafrique.com/thumb_4928088_uploaded_image1_1725487276.jpg
Baskets,11000,"Rufisque, Sénégal",https://images.coinafrique.com/thumb_4921251_uploaded_image1_1725193733.jpg
Baskets,9000,"Rufisque, Sénégal",https://images.coinafrique.com/thumb_4921241_uploaded_image1_1725193496.jpg
Baskets,8000,"Rufisque, Sénégal",https://images.coinafrique.com/thumb_4921233_uploaded_image1_1725193317.jpg
Chaussures,20000,"Dakar Plateau, Dakar, Sénégal",https://images.coinafrique.com/thumb_4870683_uploaded_image2_1722496365.jpeg
Chaussures,3000,"Keur Massar, Sénégal",https://images.coinafrique.com/thumb_4797078_uploaded_image1_1718482814.jpg
Chaussures,Prixsurdemande,"Dakar, Sénégal",https://images.coinafrique.com/thumb_4783650_uploaded_image2_1717719898.jpeg
Chaussures,25000,"Dakar Plateau, Dakar, Sénégal",https://images.coinafrique.com/thumb_4781990_uploaded_image1_1717637500.jpg
Chaussures,15000,"Dakar Plateau, Dakar, Sénégal",https://images.coinafrique.com/thumb_4781989_uploaded_image1_1717637364.jpg
Chaussures,8000,"Dakar, Sénégal",https://images.coinafrique.com/thumb_4779994_uploaded_image1_1717548193.jpg
Chaussures,8000,"Dakar, Sénégal",https://images.coinafrique.com/thumb_4779993_uploaded_image1_1717548114.jpg
Chaussures,2500,"Pikine, Sénégal",https://images.coinafrique.com/thumb_4775765_uploaded_image1_1717362018.jpg
Timberland,7000,"Dakar, Sénégal",https://images.coinafrique.com/thumb_4763656_uploaded_image1_1716765652.jpg
Chaussures,10000,"Dakar Plateau, Dakar, Sénégal",https://images.coinafrique.com/thumb_4735737_uploaded_image1_1715305215.jpg
Chaussures,2500,"Mermoz-Sacré Coeur, Dakar, Sénégal",https://images.coinafrique.com/thumb_4680911_uploaded_image1_1712514020.jpg
Chaussures,15000,"Colobane, Dakar, Sénégal",https://images.coinafrique.com/thumb_4676405_uploaded_image1_1712262646.jpg
Chaussures,Prixsurdemande,"Yoff, Dakar, Sénégal",https://images.coinafrique.com/thumb_4656153_uploaded_image1_1711205088.jpg
Pantoufles,2500,"Grand Yoff, Dakar, Sénégal",https://images.coinafrique.com/thumb_4632466_uploaded_image1_1709901740.jpg
Pantoufle,2500,"Mbao, Dakar, Sénégal",https://images.coinafrique.com/thumb_4626680_uploaded_image1_1709644598.jpg
Chaussures,17000,"Grand Yoff, Dakar, Sénégal",https://images.coinafrique.com/thumb_4623157_uploaded_image1_1709480174.jpg
Chaussures,6500,"Sipres, Dakar, Sénégal",https://images.coinafrique.com/thumb_4608262_uploaded_image1_1708692132.jpg
Chaussures,6500,"Sipres, Dakar, Sénégal",https://images.coinafrique.com/thumb_4608259_uploaded_image1_1708692072.jpg
Chaussures,5000,"Parcelle Assainies, Dakar, Sénégal",https://images.coinafrique.com/thumb_4588141_uploaded_image1_1707596385.jpg
Chaussures,6000,"Dieuppeul-Derklé, Dakar, Sénégal",https://images.coinafrique.com/thumb_4566463_uploaded_image1_1706455557.jpg
Chaussures,13000,"Dakar Plateau, Dakar, Sénégal",https://images.coinafrique.com/thumb_4514824_uploaded_image1_1703615498.jpg
Chaussures,8000,"Dakar Plateau, Dakar, Sénégal",https://images.coinafrique.com/thumb_4514805_uploaded_image1_1703614843.jpg
Chaussures,6500,"Dakar Plateau, Dakar, Sénégal",https://images.coinafrique.com/thumb_4476393_uploaded_image1_1701209697.jpg
Chaussures,Prixsurdemande,"Colobane, Dakar, Sénégal",https://images.coinafrique.com/thumb_4517970_uploaded_image2_1703783616.jpeg
Chaussures,9000,"Yoff, Dakar, Sénégal",https://images.coinafrique.com/thumb_4516156_uploaded_image1_1703690655.jpg
Chaussures,Prixsurdemande,"Colobane, Dakar, Sénégal",https://images.coinafrique.com/thumb_4513355_uploaded_image1_1703506842.jpg
Chaussures,3000,"Colobane, Dakar, Sénégal",https://images.coinafrique.com/thumb_4464312_uploaded_image1_1700415241.jpg
Chaussures,4000,"Colobane, Dakar, Sénégal",https://images.coinafrique.com/thumb_4464284_uploaded_image1_1700414113.jpg
Chaussures,9000,"Dieuppeul-Derklé, Dakar, Sénégal",https://images.coinafrique.com/thumb_4486289_uploaded_image1_1701786845.jpg
Chaussures,6000,"Dakar Plateau, Dakar, Sénégal",https://images.coinafrique.com/thumb_4452170_uploaded_image1_1699621092.jpg
Chaussures,20000,"Dakar Plateau, Dakar, Sénégal",https://images.coinafrique.com/thumb_4481347_uploaded_image1_1701486467.jpg
Chaussures,3000,"Dakar Plateau, Dakar, Sénégal",https://images.coinafrique.com/thumb_4404739_uploaded_image1_1696545306.jpg
Baskets,20000,"Colobane, Dakar, Sénégal",https://images.coinafrique.com/thumb_4402939_uploaded_image1_1696449724.jpg
Chaussures,Prixsurdemande,"Dakar Plateau, Dakar, Sénégal",https://images.coinafrique.com/thumb_4396653_uploaded_image1_1696082279.jpg
Chaussures,20000,"Grand Dakar, Dakar, Sénégal",https://images.coinafrique.com/thumb_4430647_uploaded_image1_1698289087.jpg
Sandales,2500,"Dakar, Sénégal",https://images.coinafrique.com/thumb_4427622_uploaded_image2_1698104491.jpeg
Chaussures,5000,"Ouest Foire, Dakar, Sénégal",https://images.coinafrique.com/thumb_4422835_uploaded_image1_1697766757.jpg
Chaussures,8500,"Dakar Plateau, Dakar, Sénégal",https://images.coinafrique.com/thumb_4381758_uploaded_image1_1695064657.jpg
Chaussures,13000,"Dakar, Sénégal",https://images.coinafrique.com/thumb_4414779_uploaded_image1_1697159524.jpg
Chaussures,8000,"Dakar Plateau, Dakar, Sénégal",https://images.coinafrique.com/thumb_4375022_uploaded_image1_1694607723.jpg
Chaussures,Prixsurdemande,"Dakar Plateau, Dakar, Sénégal",https://images.coinafrique.com/thumb_4375003_uploaded_image1_1694607226.jpg
Chaussures,8000,"Dakar Plateau, Dakar, Sénégal",https://images.coinafrique.com/thumb_4372705_uploaded_image1_1694464836.jpg
Chaussures,11000,"Dakar, Sénégal",https://images.coinafrique.com/thumb_4402279_uploaded_image1_1696422852.jpg
Chaussures,9000,"Dakar, Sénégal",https://images.coinafrique.com/thumb_4397886_uploaded_image1_1696179932.jpg
Chaussures,10000,"Dakar, Sénégal",https://images.coinafrique.com/thumb_4396320_uploaded_image1_1696061527.jpg
Chaussures,15000,"Grand Dakar, Dakar, Sénégal",https://images.coinafrique.com/thumb_4394927_uploaded_image1_1695956109.jpg
Chaussures,6000,"Diamalaye 1, Dakar, Sénégal",https://images.coinafrique.com/thumb_4392112_uploaded_image1_1695751474.jpg
Baskets,10000,"Ngaparou, Sénégal",https://images.coinafrique.com/thumb_4385753_uploaded_image1_1695314124.jpg
Chaussures,28000,"Medina, Dakar, Sénégal",https://images.coinafrique.com/thumb_4367839_uploaded_image2_1694130362.jpeg
Chaussures,20000,"Sacré-Coeur, Dakar, Sénégal",https://images.coinafrique.com/thumb_4361430_uploaded_image2_1693749843.jpeg
Chaussures,20000,"Grand Dakar, Dakar, Sénégal",https://images.coinafrique.com/thumb_4351852_uploaded_image1_1693108691.jpg
Chaussures,6000,"Parcelle Assainies, Dakar, Sénégal",https://images.coinafrique.com/thumb_4351183_uploaded_image1_1693054139.jpg
Chaussures,15000,"Ouakam, Dakar, Sénégal",https://images.coinafrique.com/thumb_4336733_uploaded_image1_1692136230.jpg
Chaussures,18000,"Grand Dakar, Dakar, Sénégal",https://images.coinafrique.com/thumb_4327769_uploaded_image1_1691537125.jpg
Chaussures,Prixsurdemande,"Dakar Plateau, Dakar, Sénégal",https://images.coinafrique.com/thumb_4300380_uploaded_image1_1689770515.jpg
Chaussures,5000,"Mermoz-Sacré Coeur, Dakar, Sénégal",https://images.coinafrique.com/thumb_4287055_uploaded_image1_1688860044.jpg
Chaussures,Prixsurdemande,"HLM, Dakar, Sénégal",https://images.coinafrique.com/thumb_4173847_uploaded_image1_1681305963.jpg
Chaussures,Prixsurdemande,"HLM, Dakar, Sénégal",https://images.coinafrique.com/thumb_4173844_uploaded_image1_1681305896.jpg
Baskets,20000,"Grand Dakar, Dakar, Sénégal",https://images.coinafrique.com/thumb_4201412_uploaded_image1_1683164968.jpg
Chaussures,Prixsurdemande,"HLM, Dakar, Sénégal",https://images.coinafrique.com/thumb_4165640_uploaded_image1_1680784379.jpg
Chaussures,Prixsurdemande,"HLM, Dakar, Sénégal",https://images.coinafrique.com/thumb_4165637_uploaded_image1_1680784317.jpg
Chaussures,Prixsurdemande,"HLM, Dakar, Sénégal",https://images.coinafrique.com/thumb_4165645_uploaded_image1_1680784454.jpg
Chaussures,Prixsurdemande,"HLM, Dakar, Sénégal",https://images.coinafrique.com/thumb_4165635_uploaded_image1_1680784281.jpg
Chaussures,Prixsurdemande,"HLM, Dakar, Sénégal",https://images.coinafrique.com/thumb_4165634_uploaded_image1_1680784244.jpg
Chaussures,2000,"HLM, Dakar, Sénégal",https://images.coinafrique.com/thumb_4187241_uploaded_image1_1682255769.jpg
Chaussures,Prixsurdemande,"Dakar, Sénégal",https://images.coinafrique.com/thumb_4187188_uploaded_image1_1682250705.jpg
Chaussures,8000,"Dakar Plateau, Dakar, Sénégal",https://images.coinafrique.com/thumb_4136187_uploaded_image1_1678918009.jpg
Ballerines,7500,"Sicap foire, Dakar, Sénégal",https://images.coinafrique.com/thumb_4175703_uploaded_image1_1681413005.jpg
Chaussures,8000,"Dakar Plateau, Dakar, Sénégal",https://images.coinafrique.com/thumb_4124281_uploaded_image1_1678211049.jpg
Chaussures,Prixsurdemande,"Colobane, Dakar, Sénégal",https://images.coinafrique.com/thumb_4140244_uploaded_image1_1679226845.jpg
Chaussures,Prixsurdemande,"Colobane, Dakar, Sénégal",https://images.coinafrique.com/thumb_4140242_uploaded_image1_1679226795.jpg
Crampons,12000,"Diamniadio, Sénégal",https://images.coinafrique.com/thumb_4101596_uploaded_image1_1676845748.jpg
Chaussures,2000,"Ouakam, Dakar, Sénégal",https://images.coinafrique.com/thumb_4139946_uploaded_image1_1679215303.jpg
Chaussures,2000,"Ouakam, Dakar, Sénégal",https://images.coinafrique.com/thumb_4139937_uploaded_image1_1679215240.jpg
Chaussures,2000,"Ouakam, Dakar, Sénégal",https://images.coinafrique.com/thumb_4139933_uploaded_image1_1679181631.jpg
Chaussures,12000,"Guediawaye, Dakar, Sénégal",https://images.coinafrique.com/thumb_4111498_uploaded_image1_1677508687.jpg
Bottes,13000,"Parcelle Assainies, Dakar, Sénégal",https://images.coinafrique.com/thumb_4110432_uploaded_image1_1677428890.jpg
Baskets,20000,"Grand Dakar, Dakar, Sénégal",https://images.coinafrique.com/thumb_4096757_uploaded_image1_1676513509.jpg
Chaussures,13000,"Dakar Plateau, Dakar, Sénégal",https://images.coinafrique.com/thumb_4050259_uploaded_image1_1673728537.jpg
Chaussures,5500,"Yoff, Dakar, Sénégal",https://images.coinafrique.com/thumb_4059363_uploaded_image1_1674301059.jpg
Chaussures,5500,"Yoff, Dakar, Sénégal",https://images.coinafrique.com/thumb_4059370_uploaded_image1_1674301238.jpg
Chaussures,5500,"Yoff, Dakar, Sénégal",https://images.coinafrique.com/thumb_4059365_uploaded_image1_1674301160.jpg
Chaussures,20000,"Grand Dakar, Dakar, Sénégal",https://images.coinafrique.com/thumb_4081818_uploaded_image1_1675653272.jpg
Chaussures,10000,"Dakar Plateau, Dakar, Sénégal",https://images.coinafrique.com/thumb_4028219_uploaded_image1_1672405449.jpg
Pantoufles,7000,"Grand Yoff, Dakar, Sénégal",https://images.coinafrique.com/thumb_4060976_uploaded_image1_1674416715.jpg
Chaussures,8000,"Dakar Plateau, Dakar, Sénégal",https://images.coinafrique.com/thumb_4019759_uploaded_image1_1671731981.jpg
Chaussures,Prixsurdemande,"Colobane, Dakar, Sénégal",https://images.coinafrique.com/thumb_4040305_uploaded_image2_1673193273.jpeg
Chaussure,7500,"Parcelle Assainies, Dakar, Sénégal",https://images.coinafrique.com/thumb_4040246_uploaded_image1_1673189828.jpg
Chaussures,20000,"Colobane, Dakar, Sénégal",https://images.coinafrique.com/thumb_4038506_uploaded_image1_1673066961.jpg
Chaussures,6000,"HLM, Dakar, Sénégal",https://images.coinafrique.com/thumb_4038403_uploaded_image1_1673050094.jpg
Chaussures,Prixsurdemande,"Colobane, Dakar, Sénégal",https://images.coinafrique.com/thumb_4002035_uploaded_image1_1670608928.jpg
Chaussures,20000,"Colobane, Dakar, Sénégal",https://images.coinafrique.com/thumb_4024385_uploaded_image1_1672137859.jpg
Chaussures,15000,"Colobane, Dakar, Sénégal",https://images.coinafrique.com/thumb_4002819_uploaded_image1_1670672099.jpg
Chaussures,7000,"Colobane, Dakar, Sénégal",https://images.coinafrique.com/thumb_4000084_uploaded_image1_1670513545.jpg
Baskets,Prixsurdemande,"Colobane, Dakar, Sénégal",https://images.coinafrique.com/thumb_4000080_uploaded_image3_1670513440.jpeg
Baskets,20000,"Biscuiterie, Dakar, Sénégal",https://images.coinafrique.com/thumb_3958985_uploaded_image1_1668074060.jpg
Chaussures,20000,"Biscuiterie, Dakar, Sénégal",https://images.coinafrique.com/thumb_3934730_uploaded_image1_1666662380.jpg
Chaussure,15000,"Dakar, Sénégal",https://images.coinafrique.com/thumb_3920803_uploaded_image1_1665775387.jpg
Chaussures,Prixsurdemande,"Colobane, Dakar, Sénégal",https://images.coinafrique.com/thumb_3897399_uploaded_image1_1664399172.jpg
Chaussures,Prixsurdemande,"Colobane, Dakar, Sénégal",https://images.coinafrique.com/thumb_3897395_uploaded_image1_1664399089.jpg
Chaussures,Prixsurdemande,"Colobane, Dakar, Sénégal",https://images.coinafrique.com/thumb_3895663_uploaded_image1_1664298673.jpg
Chaussures,3000,"Dakar, Sénégal",https://images.coinafrique.com/thumb_3874877_uploaded_image1_1662993378.jpg
Chaussures,3000,"Dakar, Sénégal",https://images.coinafrique.com/thumb_3874870_uploaded_image1_1662993234.jpg
Chaussures,Prixsurdemande,"Yoff, Dakar, Sénégal",https://images.coinafrique.com/thumb_3887647_uploaded_image1_1663793770.jpg
Chaussures,15000,"Biscuiterie, Dakar, Sénégal",https://images.coinafrique.com/thumb_3886285_uploaded_image1_1663727518.jpg
Chaussures,6000,"Ouakam, Dakar, Sénégal",https://images.coinafrique.com/thumb_3869546_uploaded_image1_1662655575.jpg
Chaussures,3000,"Dakar Plateau, Dakar, Sénégal",https://images.coinafrique.com/thumb_3853482_uploaded_image1_1661882915.jpg
Chaussures,2500,"Dakar Plateau, Dakar, Sénégal",https://images.coinafrique.com/thumb_3853480_uploaded_image1_1661882766.jpg
Chaussures,Prixsurdemande,"Colobane, Dakar, Sénégal",https://images.coinafrique.com/thumb_3851925_uploaded_image1_1661800790.jpg
Baskets,12000,"Dakar, Sénégal",https://images.coinafrique.com/thumb_3848408_uploaded_image1_1661541004.jpg
Chaussures,5000,"Dakar, Sénégal",https://images.coinafrique.com/thumb_3804708_uploaded_image1_1659095376.jpg
Chaussures,10000,"Biscuiterie, Dakar, Sénégal",https://images.coinafrique.com/thumb_3824846_uploaded_image1_1660191219.jpg
Sandales,1500,"Cambérène, Dakar, Sénégal",https://images.coinafrique.com/thumb_3778619_uploaded_image1_1657354885.jpg
Chaussures,7000,"Sicap Liberté, Dakar, Sénégal",https://images.coinafrique.com/thumb_3777593_uploaded_image1_1657274825.jpg
Chaussures,7000,"Sicap Liberté, Dakar, Sénégal",https://images.coinafrique.com/thumb_3777592_uploaded_image1_1657274783.jpg
Chaussures,12500,"Dakar, Sénégal",https://images.coinafrique.com/thumb_3771424_uploaded_image1_1656942212.jpg
Claquettes,1250,"Colobane, Dakar, Sénégal",https://images.coinafrique.com/thumb_3768510_uploaded_image1_1656771169.jpg
Chaussures,1500,"HLM, Dakar, Sénégal",https://images.coinafrique.com/thumb_3704967_uploaded_image1_1653083833.jpg
Chaussures,10000,"Hann Bel-Air, Dakar, Sénégal",https://images.coinafrique.com/thumb_3672156_uploaded_image1_1651092639.jpg
Chaussures,13000,"Dakar, Sénégal",https://images.coinafrique.com/thumb_3699436_uploaded_image1_1652782683.jpg
Baskets,15000,"Biscuiterie, Dakar, Sénégal",https://images.coinafrique.com/thumb_3690626_uploaded_image1_1652255965.jpg
Chaussures,7000,"Dakar, Sénégal",https://images.coinafrique.com/thumb_3641537_uploaded_image1_1649258723.jpg
Chaussures,10000,"Parcelle Assainies, Dakar, Sénégal",https://images.coinafrique.com/thumb_3673169_uploaded_image2_1651155111.jpeg
Chaussures,10000,"Parcelle Assainies, Dakar, Sénégal",https://images.coinafrique.com/thumb_3673165_uploaded_image2_1651154980.jpeg
Chaussures,10000,"Parcelle Assainies, Dakar, Sénégal",https://images.coinafrique.com/thumb_3673159_uploaded_image3_1651154872.jpeg
Chaussures,Prixsurdemande,"Colobane, Dakar, Sénégal",https://images.coinafrique.com/thumb_3669958_uploaded_image3_1650975432.jpeg
Chaussures,Prixsurdemande,"Colobane, Dakar, Sénégal",https://images.coinafrique.com/thumb_3669956_uploaded_image2_1650975375.jpeg
Chaussures,Prixsurdemande,"Colobane, Dakar, Sénégal",https://images.coinafrique.com/thumb_3669952_uploaded_image1_1650975316.jpg
Chaussures,3500,"Thies, Sénégal",https://images.coinafrique.com/thumb_3641983_uploaded_image1_1649278750.jpg
Chaussures,7000,"Grand Yoff, Dakar, Sénégal",https://images.coinafrique.com/thumb_3641151_uploaded_image2_1649247824.jpeg
Ballerines,7000,"Grand Yoff, Dakar, Sénégal",https://images.coinafrique.com/thumb_3617411_uploaded_image1_1647863237.jpg
Baskets,Prixsurdemande,"Colobane, Dakar, Sénégal",https://images.coinafrique.com/thumb_3599487_uploaded_image1_1646755996.jpg
Chaussures,5000,"Medina, Dakar, Sénégal",https://images.coinafrique.com/thumb_3579013_uploaded_image1_1645581208.jpg
Chaussures,Prixsurdemande,"Colobane, Dakar, Sénégal",https://images.coinafrique.com/thumb_3566813_uploaded_image1_1644828469.jpg
Chaussures,Prixsurdemande,"Colobane, Dakar, Sénégal",https://images.coinafrique.com/thumb_3566810_uploaded_image1_1644828396.jpg
Chaussures,Prixsurdemande,"Colobane, Dakar, Sénégal",https://images.coinafrique.com/thumb_3544110_uploaded_image1_1643467157.jpg
Chaussures,2000,"Mermoz-Sacré Coeur, Dakar, Sénégal",https://images.coinafrique.com/thumb_3543253_uploaded_image1_1643397434.jpg
Chaussures,11000,"Colobane, Dakar, Sénégal",https://images.coinafrique.com/thumb_3537500_uploaded_image1_1643045085.jpg
Pantoufles,4000,"Cambérène, Dakar, Sénégal",https://images.coinafrique.com/thumb_3533457_uploaded_image1_1642754956.jpg
Pantoufles,4000,"Cambérène, Dakar, Sénégal",https://images.coinafrique.com/thumb_3529128_uploaded_image1_1642500345.jpg
Chaussures,Prixsurdemande,"Colobane, Dakar, Sénégal",https://images.coinafrique.com/thumb_3528221_uploaded_image1_1642431390.jpg
Chaussures,Prixsurdemande,"Colobane, Dakar, Sénégal",https://images.coinafrique.com/thumb_3528219_uploaded_image1_1642431351.jpg
Chaussures,Prixsurdemande,"Colobane, Dakar, Sénégal",https://images.coinafrique.com/thumb_3526941_uploaded_image1_1642346098.jpg
Chaussures,Prixsurdemande,"Colobane, Dakar, Sénégal",https://images.coinafrique.com/thumb_3526938_uploaded_image1_1642345964.jpg
Baskets,Prixsurdemande,"Colobane, Dakar, Sénégal",https://images.coinafrique.com/thumb_3526935_uploaded_image1_1642345866.jpg
Chaussures,10000,"Guediawaye, Dakar, Sénégal",https://images.coinafrique.com/thumb_3513868_uploaded_image1_1641563929.jpg
Baskets,15000,"Biscuiterie, Dakar, Sénégal",https://images.coinafrique.com/thumb_3496189_uploaded_image2_1640319435.jpeg
Baskets,Prixsurdemande,"Colobane, Dakar, Sénégal",https://images.coinafrique.com/thumb_3495835_uploaded_image1_1640284287.jpg
Chaussures,12000,"Grand Yoff, Dakar, Sénégal",https://images.coinafrique.com/thumb_3495410_uploaded_image1_1640264833.jpg
Souliers,15000,"Dieuppeul-Derklé, Dakar, Sénégal",https://images.coinafrique.com/thumb_3486610_uploaded_image1_1639656374.jpg
Sandales,1000,"Patte d'oie, Dakar, Sénégal",https://images.coinafrique.com/thumb_3481315_uploaded_image1_1639352929.jpg
Chaussures,Prixsurdemande,"Colobane, Dakar, Sénégal",https://images.coinafrique.com/thumb_3475296_uploaded_image1_1638981582.jpg
Ballerines,10000,"Ouest Foire, Dakar, Sénégal",https://images.coinafrique.com/thumb_3468451_uploaded_image1_1638628031.jpg
Chaussures,Prixsurdemande,"Colobane, Dakar, Sénégal",https://images.coinafrique.com/thumb_3462501_uploaded_image1_1638375325.jpg
Chaussures,Prixsurdemande,"Colobane, Dakar, Sénégal",https://images.coinafrique.com/thumb_3462499_uploaded_image1_1638375239.jpg
Chaussures,Prixsurdemande,"Colobane, Dakar, Sénégal",https://images.coinafrique.com/thumb_3462497_uploaded_image1_1638375172.jpg
Chaussettes,9000,"HLM, Dakar, Sénégal",https://images.coinafrique.com/thumb_3451771_uploaded_image1_1637718423.jpg
Chaussures,7000,"Dakar Plateau, Dakar, Sénégal",https://images.coinafrique.com/thumb_3432590_uploaded_image2_1636625019.jpeg
Chaussures,4500,"Grand Yoff, Dakar, Sénégal",https://images.coinafrique.com/thumb_3429468_uploaded_image1_1636466917.jpg
Baskets,Prixsurdemande,"Mbao, Dakar, Sénégal",https://images.coinafrique.com/thumb_3429274_uploaded_image1_1636462416.jpg
Sandales,2000,"Mbao, Dakar, Sénégal",https://images.coinafrique.com/thumb_3415129_uploaded_image1_1635810651.jpg
Chaussures,2000,"Mbao, Dakar, Sénégal",https://images.coinafrique.com/thumb_3415124_uploaded_image1_1635810270.jpg
Sandales,1500,"Patte d'oie, Dakar, Sénégal",https://images.coinafrique.com/thumb_3401227_uploaded_image1_1635079924.jpg
Sandales,1500,"Patte d'oie, Dakar, Sénégal",https://images.coinafrique.com/thumb_3401225_uploaded_image1_1635079810.jpg
Chaussures,Prixsurdemande,"Colobane, Dakar, Sénégal",https://images.coinafrique.com/thumb_3400235_uploaded_image1_1634998926.jpg
Chaussures,Prixsurdemande,"Colobane, Dakar, Sénégal",https://images.coinafrique.com/thumb_3400230_uploaded_image1_1634998844.jpg
Baskets,14000,"Guediawaye, Dakar, Sénégal",https://images.coinafrique.com/thumb_3398164_uploaded_image1_1634895995.jpg
Chaussures,12000,"Dakar, Sénégal",https://images.coinafrique.com/thumb_3391943_uploaded_image1_1634574064.jpg
Chaussures,6500,"Grand Yoff, Dakar, Sénégal",https://images.coinafrique.com/thumb_3378261_uploaded_image1_1633851365.jpg
Chaussures,Prixsurdemande,"Colobane, Dakar, Sénégal",https://images.coinafrique.com/thumb_3372302_uploaded_image1_1633544921.jpg
Chaussures,Prixsurdemande,"Colobane, Dakar, Sénégal",https://images.coinafrique.com/thumb_3372289_uploaded_image1_1633544246.jpg
Chaussures,12000,"Dakar, Sénégal",https://images.coinafrique.com/thumb_3370357_uploaded_image1_1633470461.jpg
Chaussures,12000,"Dakar, Sénégal",https://images.coinafrique.com/thumb_3370124_uploaded_image1_1633461260.jpg
Chaussures,6000,"Guediawaye, Dakar, Sénégal",https://images.coinafrique.com/thumb_3365662_uploaded_image1_1633268172.jpg
Mocassins,15000,"Dakar Plateau, Dakar, Sénégal",https://images.coinafrique.com/thumb_3354895_uploaded_image1_1632752207.jpg
Chaussures,8000,"Dakar, Sénégal",https://images.coinafrique.com/thumb_3349497_uploaded_image1_1632394857.jpg
Chaussures,5000,"Hann Bel-Air, Dakar, Sénégal",https://images.coinafrique.com/thumb_3336753_uploaded_image1_1631736848.jpg
Chaussures,Prixsurdemande,"Dakar, Sénégal",https://images.coinafrique.com/thumb_3331774_uploaded_image2_1631522808.jpeg
Baskets,7000,"Colobane, Dakar, Sénégal",https://images.coinafrique.com/thumb_3327812_uploaded_image1_1631278298.jpg
Sandales,Prixsurdemande,"Sicap Liberté, Dakar, Sénégal",https://images.coinafrique.com/thumb_3326737_uploaded_image1_1631219825.jpg
Mocassins,15000,"Dakar, Sénégal",https://images.coinafrique.com/thumb_3319920_uploaded_image1_1630947708.jpg
Baskets,7000,"Colobane, Dakar, Sénégal",https://images.coinafrique.com/thumb_3316031_uploaded_image1_1630757466.jpg
Chaussures,13500,"Dakar, Sénégal",https://images.coinafrique.com/thumb_3312395_uploaded_image1_1630601772.jpg
Chaussures,2500,"Dakar, Sénégal",https://images.coinafrique.com/thumb_3305453_uploaded_image2_1630348767.jpeg
Chaussures,13500,"Dakar, Sénégal",https://images.coinafrique.com/thumb_3288174_uploaded_image1_1629374418.jpg
Chaussures,13500,"Dakar, Sénégal",https://images.coinafrique.com/thumb_3288168_uploaded_image1_1629374275.jpg
Chaussures,13500,"Dakar, Sénégal",https://images.coinafrique.com/thumb_3288165_uploaded_image1_1629374192.jpg
Chaussures,3000,"Mermoz-Sacré Coeur, Dakar, Sénégal",https://images.coinafrique.com/thumb_3267690_uploaded_image1_1628334320.jpg
Chaussures,12500,"Dakar, Sénégal",https://images.coinafrique.com/thumb_3252340_uploaded_image1_1627653888.jpg
Chaussures,15000,"Grand Yoff, Dakar, Sénégal",https://images.coinafrique.com/thumb_3247099_uploaded_image1_1627387079.jpg
Babouches,7000,"Hann Bel-Air, Dakar, Sénégal",https://images.coinafrique.com/thumb_3231496_uploaded_image1_1626390253.jpg
Chaussures,10000,"Biscuiterie, Dakar, Sénégal",https://images.coinafrique.com/thumb_3227293_uploaded_image1_1626223659.jpg
Chaussures,15000,"Dakar Plateau, Dakar, Sénégal",https://images.coinafrique.com/thumb_3224546_uploaded_image1_1626108022.jpg
Chaussures,Prixsurdemande,"Colobane, Dakar, Sénégal",https://images.coinafrique.com/thumb_3222222_uploaded_image1_1626008303.jpg
Chaussures,Prixsurdemande,"Colobane, Dakar, Sénégal",https://images.coinafrique.com/thumb_3219248_uploaded_image1_1625842846.jpg
Chaussures,Prixsurdemande,"Colobane, Dakar, Sénégal",https://images.coinafrique.com/thumb_3219232_uploaded_image1_1625842643.jpg
Chaussures,Prixsurdemande,"Colobane, Dakar, Sénégal",https://images.coinafrique.com/thumb_3219227_uploaded_image1_1625842539.jpg
Chaussures,10000,"Hann Bel-Air, Dakar, Sénégal",https://images.coinafrique.com/thumb_3217628_uploaded_image1_1625766871.jpg
Chaussures,10000,"Hann Bel-Air, Dakar, Sénégal",https://images.coinafrique.com/thumb_3217622_uploaded_image1_1625766711.jpg
Chaussures,10000,"Hann Bel-Air, Dakar, Sénégal",https://images.coinafrique.com/thumb_3217486_uploaded_image1_1625761437.jpg
Chaussures,10000,"Hann Bel-Air, Dakar, Sénégal",https://images.coinafrique.com/thumb_3217457_uploaded_image1_1625760969.jpg
Chaussures,Prixsurdemande,"Colobane, Dakar, Sénégal",https://images.coinafrique.com/thumb_3214895_uploaded_image1_1625663507.jpg
Chaussures,Prixsurdemande,"Colobane, Dakar, Sénégal",https://images.coinafrique.com/thumb_3214892_uploaded_image2_1625663433.jpeg
Chaussures,Prixsurdemande,"Dakar, Sénégal",https://images.coinafrique.com/thumb_3202429_uploaded_image3_1625166497.jpeg
Baskets,Prixsurdemande,"Colobane, Dakar, Sénégal",https://images.coinafrique.com/thumb_3196322_uploaded_image1_1624907984.jpg
Baskets,15000,"Point E, Dakar, Sénégal",https://images.coinafrique.com/thumb_3171528_uploaded_image1_1623678884.jpg
Chaussures,Prixsurdemande,"Colobane, Dakar, Sénégal",https://images.coinafrique.com/thumb_3163306_uploaded_image1_1623261796.jpg
Chaussures,5000,"HLM, Dakar, Sénégal",https://images.coinafrique.com/thumb_3156703_uploaded_image1_1623001294.jpg
Chaussures,Prixsurdemande,"Colobane, Dakar, Sénégal",https://images.coinafrique.com/thumb_3141004_uploaded_image2_1622376414.jpeg
Chaussures,Prixsurdemande,"Colobane, Dakar, Sénégal",https://images.coinafrique.com/thumb_3141001_uploaded_image1_1622376331.jpg
Chaussures,6000,"Parcelle Assainies, Dakar, Sénégal",https://images.coinafrique.com/thumb_3140539_uploaded_image1_1622331287.jpg
Chaussures,5000,"Colobane, Dakar, Sénégal",https://images.coinafrique.com/thumb_3138744_uploaded_image1_1622222944.jpg
Chaussures,5000,"Colobane, Dakar, Sénégal",https://images.coinafrique.com/thumb_3138741_uploaded_image1_1622222899.jpg
Chaussures,6000,"Parcelle Assainies, Dakar, Sénégal",https://images.coinafrique.com/thumb_3136795_uploaded_image1_1622129786.jpg
Chaussures,12000,"Rufisque, Sénégal",https://images.coinafrique.com/thumb_3128593_uploaded_image1_1621701550.jpg
Chaussures,8500,"Grand Dakar, Dakar, Sénégal",https://images.coinafrique.com/thumb_3124327_uploaded_image1_1621494874.jpg
Chaussures,5000,"Mermoz-Sacré Coeur, Dakar, Sénégal",https://images.coinafrique.com/thumb_3106484_uploaded_image1_1620567535.jpg
Chaussures,2500,"Dieuppeul-Derklé, Dakar, Sénégal",https://images.coinafrique.com/thumb_3105886_uploaded_image1_1620525968.jpg
Chaussures,6000,"Almadies, Dakar, Sénégal",https://images.coinafrique.com/thumb_3102441_uploaded_image1_1620372742.jpg
Chaussures,6000,"Almadies, Dakar, Sénégal",https://images.coinafrique.com/thumb_3102432_uploaded_image1_1620372465.jpg
Chaussures,3500,"Parcelle Assainies, Dakar, Sénégal",https://images.coinafrique.com/thumb_3102429_uploaded_image1_1620372293.jpg
Chaussures,6000,"Almadies, Dakar, Sénégal",https://images.coinafrique.com/thumb_3102419_uploaded_image1_1620371811.jpg
Chaussures,6000,"Rufisque, Sénégal",https://images.coinafrique.com/thumb_3102417_uploaded_image1_1620371690.jpg
Chaussures,10000,"Biscuiterie, Dakar, Sénégal",https://images.coinafrique.com/thumb_3102122_uploaded_image1_1620341974.jpg
Chaussures,50000,"Fann-Point E-Amitié, Dakar, Sénégal",https://images.coinafrique.com/thumb_3100228_uploaded_image1_1620285689.jpg
Chaussures,Prixsurdemande,"Grand Yoff, Dakar, Sénégal",https://images.coinafrique.com/thumb_3099833_uploaded_image1_1620253098.jpg
Chaussures,10000,"Dakar, Sénégal",https://images.coinafrique.com/thumb_3095584_uploaded_image1_1620089749.jpg
Chaussures,15000,"Biscuiterie, Dakar, Sénégal",https://images.coinafrique.com/thumb_3093302_uploaded_image1_1620011941.jpg
Chaussures,Prixsurdemande,"Dakar, Sénégal",https://images.coinafrique.com/thumb_3088810_uploaded_image1_1619817941.jpg
Chaussures,Prixsurdemande,"Dakar, Sénégal",https://images.coinafrique.com/thumb_3088807_uploaded_image1_1619817848.jpg
Chaussures,Prixsurdemande,"Colobane, Dakar, Sénégal",https://images.coinafrique.com/thumb_3085707_uploaded_image1_1619658806.jpg
Chaussures,Prixsurdemande,"Colobane, Dakar, Sénégal",https://images.coinafrique.com/thumb_3085706_uploaded_image1_1619658731.jpg
Baskets,Prixsurdemande,"Colobane, Dakar, Sénégal",https://images.coinafrique.com/thumb_3085703_uploaded_image1_1619658542.jpg
Chaussures,5500,"Colobane, Dakar, Sénégal",https://images.coinafrique.com/thumb_3084737_uploaded_image1_1619615814.jpg
Chaussures,Prixsurdemande,"Grand Yoff, Dakar, Sénégal",https://images.coinafrique.com/thumb_3083915_uploaded_image1_1619572325.jpg
Chaussures,10000,"Dakar, Sénégal",https://images.coinafrique.com/thumb_3077278_uploaded_image1_1619226701.jpg
Chaussures,15000,"Dakar, Sénégal",https://images.coinafrique.com/thumb_3075527_uploaded_image1_1619145411.jpg
Chaussures,5000,"Dakar, Sénégal",https://images.coinafrique.com/thumb_3071648_uploaded_image1_1619000211.jpg
Chaussures,Prixsurdemande,"Grand Dakar, Dakar, Sénégal",https://images.coinafrique.com/thumb_3071128_uploaded_image1_1618963694.jpg
Chaussures,Prixsurdemande,"Grand Dakar, Dakar, Sénégal",https://images.coinafrique.com/thumb_3060194_uploaded_image1_1618441376.jpg
Chaussures,10000,"Dakar, Sénégal",https://images.coinafrique.com/thumb_3052212_uploaded_image1_1618089468.jpg
Baskets,8000,"Dakar, Sénégal",https://images.coinafrique.com/thumb_3048378_uploaded_image1_1617915277.jpg
Chaussures,10000,"Ziguinchor, Sénégal",https://images.coinafrique.com/thumb_3047906_uploaded_image1_1617901111.jpg
Chaussures,10000,"Dakar, Sénégal",https://images.coinafrique.com/thumb_3047901_uploaded_image1_1617900953.jpg
Chaussures,10000,"Dakar, Sénégal",https://images.coinafrique.com/thumb_3047895_uploaded_image1_1617900785.jpg
Chaussures,10000,"Dakar, Sénégal",https://images.coinafrique.com/thumb_3040951_uploaded_image1_1617626335.jpg
Chaussures,10000,"Dakar, Sénégal",https://images.coinafrique.com/thumb_3040948_uploaded_image1_1617626252.jpg
Chaussures,10000,"Dakar, Sénégal",https://images.coinafrique.com/thumb_3039898_uploaded_image1_1617564756.jpg
Mocassins,10000,"Dakar, Sénégal",https://images.coinafrique.com/thumb_3039894_uploaded_image1_1617564682.jpg
Chaussures,10000,"Dakar, Sénégal",https://images.coinafrique.com/thumb_3039890_uploaded_image1_1617564616.jpg
Baskets,10000,"Dakar, Sénégal",https://images.coinafrique.com/thumb_3039797_uploaded_image1_1617561525.jpg
Baskets,Prixsurdemande,"Colobane, Dakar, Sénégal",https://images.coinafrique.com/thumb_3036158_uploaded_image1_1617387289.jpg
Baskets,Prixsurdemande,"Colobane, Dakar, Sénégal",https://images.coinafrique.com/thumb_3036156_uploaded_image1_1617387240.jpg
Baskets,Prixsurdemande,"Colobane, Dakar, Sénégal",https://images.coinafrique.com/thumb_3036155_uploaded_image1_1617387184.jpg
Ensemble,12000,"HLM, Dakar, Sénégal",https://images.coinafrique.com/thumb_3032235_uploaded_image1_1617269518.jpg
Chaussures,4000,"HLM, Dakar, Sénégal",https://images.coinafrique.com/thumb_3024586_uploaded_image1_1616871119.jpg
Chaussures,5000,"HLM, Dakar, Sénégal",https://images.coinafrique.com/thumb_3024046_uploaded_image1_1616850690.jpg
Chaussures,Prixsurdemande,"Colobane, Dakar, Sénégal",https://images.coinafrique.com/thumb_3021292_uploaded_image1_1616699181.jpg
Chaussures,Prixsurdemande,"Colobane, Dakar, Sénégal",https://images.coinafrique.com/thumb_3021291_uploaded_image1_1616699088.jpg
Chaussures,8500,"Dakar, Sénégal",https://images.coinafrique.com/thumb_3019231_uploaded_image1_1616610393.jpg
Baskets,Prixsurdemande,"Dakar, Sénégal",https://images.coinafrique.com/thumb_3017496_uploaded_image1_1616529866.jpg
Baskets,Prixsurdemande,"Colobane, Dakar, Sénégal",https://images.coinafrique.com/thumb_3017343_uploaded_image1_1616522893.jpg
Baskets,Prixsurdemande,"Colobane, Dakar, Sénégal",https://images.coinafrique.com/thumb_3017342_uploaded_image1_1616522840.jpg
Baskets,Prixsurdemande,"Colobane, Dakar, Sénégal",https://images.coinafrique.com/thumb_3015628_uploaded_image1_1616441305.jpg
Chaussures,5000,"Colobane, Dakar, Sénégal",https://images.coinafrique.com/thumb_3012388_uploaded_image1_1616265482.jpg
Chaussures,Prixsurdemande,"Dakar, Sénégal",https://images.coinafrique.com/thumb_3010551_uploaded_image1_1616171723.jpg
Chaussures,Prixsurdemande,"Medina, Dakar, Sénégal",https://images.coinafrique.com/thumb_3007072_uploaded_image1_1615998986.jpg
Chaussures,Prixsurdemande,"Dakar, Sénégal",https://images.coinafrique.com/thumb_3006541_uploaded_image1_1615983073.jpg
Chaussures,8500,"Dakar, Sénégal",https://images.coinafrique.com/thumb_3004980_uploaded_image1_1615909281.jpg
Chaussures,Prixsurdemande,"Dakar, Sénégal",https://images.coinafrique.com/thumb_3000024_uploaded_image1_1615644889.jpg
Mocassin,8000,"Dakar, Sénégal",https://images.coinafrique.com/thumb_2998854_uploaded_image1_1615573131.jpg
Chaussure,Prixsurdemande,"Dakar, Sénégal",https://images.coinafrique.com/thumb_2972750_uploaded_image1_1614348026.jpg
Chaussures,6000,"Dakar, Sénégal",https://images.coinafrique.com/thumb_2972549_uploaded_image1_1614340377.jpg
Claquettes,6000,"Dakar, Sénégal",https://images.coinafrique.com/thumb_2972548_uploaded_image1_1614340301.jpg
Chaussures,3000,"Dakar, Sénégal",https://images.coinafrique.com/thumb_2956562_uploaded_image1_1613573380.jpg
Bottes,Prixsurdemande,"Dakar, Sénégal",https://images.coinafrique.com/thumb_2942252_uploaded_image1_1612898624.jpg
Chaussures,Prixsurdemande,"Colobane, Dakar, Sénégal",https://images.coinafrique.com/thumb_2942163_uploaded_image1_1612894677.jpg
Chaussures,Prixsurdemande,"Colobane, Dakar, Sénégal",https://images.coinafrique.com/thumb_2942161_uploaded_image1_1612894618.jpg
Chaussures,Prixsurdemande,"Dakar, Sénégal",https://images.coinafrique.com/thumb_2942148_uploaded_image1_1612894020.jpg
Chaussures,20000,"Dakar Plateau, Dakar, Sénégal",https://images.coinafrique.com/thumb_2934921_uploaded_image1_1612567043.jpg
Baskets,Prixsurdemande,"Colobane, Dakar, Sénégal",https://images.coinafrique.com/thumb_2924613_uploaded_image1_1612202808.jpg
Chaussures,Prixsurdemande,"Colobane, Dakar, Sénégal",https://images.coinafrique.com/thumb_2924609_uploaded_image1_1612202719.jpg
Baskets,1000,"Dakar, Sénégal",https://images.coinafrique.com/thumb_2905159_uploaded_image1_1611266722.jpg
Chaussures,30000,"Dakar, Sénégal",https://images.coinafrique.com/thumb_2896647_uploaded_image1_1610917261.jpg
Chaussures,25000,"Almadies, Dakar, Sénégal",https://images.coinafrique.com/thumb_2883679_uploaded_image1_1610381004.jpg
Chaussures,25000,"Almadies, Dakar, Sénégal",https://images.coinafrique.com/thumb_2883672_uploaded_image1_1610380885.jpg
Chaussures,Prixsurdemande,"Colobane, Dakar, Sénégal",https://images.coinafrique.com/thumb_2867107_uploaded_image1_1609753243.jpg
Chaussures,Prixsurdemande,"Colobane, Dakar, Sénégal",https://images.coinafrique.com/thumb_2862808_uploaded_image1_1609520465.jpg
Chaussures,2500,"HLM, Dakar, Sénégal",https://images.coinafrique.com/thumb_2847269_uploaded_image1_1608653733.jpg
Baskets,10000,"Mermoz-Sacré Coeur, Dakar, Sénégal",https://images.coinafrique.com/thumb_2837971_uploaded_image1_1608232681.jpg
Chaussures,10000,"HLM, Dakar, Sénégal",https://images.coinafrique.com/thumb_2831294_uploaded_image1_1607984493.jpg
Chaussures,Prixsurdemande,"Colobane, Dakar, Sénégal",https://images.coinafrique.com/thumb_2830947_uploaded_image1_1607971324.jpg
Chaussure,Prixsurdemande,"Dakar, Sénégal",https://images.coinafrique.com/thumb_2822660_uploaded_image1_1607610140.jpg
Baskets,Prixsurdemande,"Fass, Dakar, Sénégal",https://images.coinafrique.com/thumb_2818578_uploaded_image1_1607458128.jpg
Chaussures,5000,"Colobane, Dakar, Sénégal",https://images.coinafrique.com/thumb_2812381_uploaded_image1_1607243451.jpg
Chaussures,Prixsurdemande,"Colobane, Dakar, Sénégal",https://images.coinafrique.com/thumb_2812377_uploaded_image1_1607243252.jpg
Baskets,15000,"Dakar Plateau, Dakar, Sénégal",https://images.coinafrique.com/thumb_2810613_uploaded_image1_1607160786.jpg
Chaussures,2500,"Dieuppeul-Derklé, Dakar, Sénégal",https://images.coinafrique.com/thumb_2802614_uploaded_image1_1606904602.jpg
Chaussures,3000,"HLM, Dakar, Sénégal",https://images.coinafrique.com/thumb_2801602_uploaded_image1_1606862013.jpg
Chaussures,Prixsurdemande,"Dakar, Sénégal",https://images.coinafrique.com/thumb_2798841_uploaded_image1_1606808767.jpg
Chaussures,10000,"Yoff, Dakar, Sénégal",https://images.coinafrique.com/thumb_2797680_uploaded_image1_1606753722.jpg
Chaussures,3000,"Grand Dakar, Dakar, Sénégal",https://images.coinafrique.com/thumb_2795704_uploaded_image1_1606681411.jpg
Claquettes,6000,"Guediawaye, Dakar, Sénégal",https://images.coinafrique.com/thumb_2795343_uploaded_image1_1606666445.jpg
Baskets,22500,"Dakar, Sénégal",https://images.coinafrique.com/thumb_2789511_uploaded_image1_1606408266.jpg
Chaussures,13000,"Ziguinchor, Sénégal",https://images.coinafrique.com/thumb_2772389_uploaded_image1_1605772309.jpg
Chaussures,15000,"Ziguinchor, Sénégal",https://images.coinafrique.com/thumb_2772383_uploaded_image1_1605772057.jpg
Chaussures,10000,"Mermoz-Sacré Coeur, Dakar, Sénégal",https://images.coinafrique.com/thumb_2765779_uploaded_image1_1605531902.jpg
Claquettes,2500,"Dieuppeul-Derklé, Dakar, Sénégal",https://images.coinafrique.com/thumb_2762753_uploaded_image1_1605397699.jpg
Chaussures,2000,"Hann Bel-Air, Dakar, Sénégal",https://images.coinafrique.com/thumb_2752149_uploaded_image1_1605019568.jpg
Chaussures,2500,"Hann Bel-Air, Dakar, Sénégal",https://images.coinafrique.com/thumb_2752137_uploaded_image1_1605019378.jpg
Chaussures,3000,"Hann Bel-Air, Dakar, Sénégal",https://images.coinafrique.com/thumb_2752129_uploaded_image1_1605019198.jpg
Chaussures,7500,"Hann Bel-Air, Dakar, Sénégal",https://images.coinafrique.com/thumb_2752111_uploaded_image1_1605018817.jpg
Chaussures,15000,"Kolda, Sénégal",https://images.coinafrique.com/thumb_2749776_uploaded_image1_1604935997.jpg
Chaussures,10000,"Patte d'oie, Dakar, Sénégal",https://images.coinafrique.com/thumb_2749342_uploaded_image1_1604925569.jpg
Chaussures,15000,"Hann Bel-Air, Hann / Bel Air (Dakar), Sénégal",https://images.coinafrique.com/thumb_2747212_uploaded_image1_1604838947.jpg
Chaussures,15000,"Mermoz-Sacré Coeur, Dakar, Sénégal",https://images.coinafrique.com/thumb_2744527_uploaded_image1_1604704184.jpg
Chaussures,7000,"Dakar, Sénégal",https://images.coinafrique.com/thumb_2740384_uploaded_image1_1604582455.jpg
Chaussures,7000,"Dakar, Sénégal",https://images.coinafrique.com/thumb_2740383_uploaded_image1_1604582418.jpg
Chaussures,Prixsurdemande,"Fass, Dakar, Sénégal",https://images.coinafrique.com/thumb_2738977_uploaded_image1_1604527399.jpg
Chaussures,12000,"Hann Bel-Air, Dakar, Sénégal",https://images.coinafrique.com/thumb_2735476_uploaded_image1_1604424098.jpg
Chaussures,10000,"Dakar, Sénégal",https://images.coinafrique.com/thumb_2734564_uploaded_image1_1604405272.jpg
Chaussures,3500,"Parcelle Assainies, Dakar, Sénégal",https://images.coinafrique.com/thumb_2734509_uploaded_image1_1604404615.jpg
Chaussures,2500,"Dieuppeul-Derklé, Dakar, Sénégal",https://images.coinafrique.com/thumb_2733477_uploaded_image1_1604363169.jpg
Chaussures,10000,"Patte d'oie, Dakar, Sénégal",https://images.coinafrique.com/thumb_2732252_uploaded_image1_1604327384.jpg
Chaussures,Prixsurdemande,"Mamelles, Dakar, Sénégal",https://images.coinafrique.com/thumb_2726794_uploaded_image1_1604060597.jpg
Chaussures,8000,"Dakar, Sénégal",https://images.coinafrique.com/thumb_2726067_uploaded_image1_1604015534.jpg
Chaussures,2500,"Dieuppeul-Derklé, Dakar, Sénégal",https://images.coinafrique.com/thumb_2720321_uploaded_image1_1603756962.jpg
Sandales,Prixsurdemande,"Dakar, Sénégal",https://images.coinafrique.com/thumb_2717389_uploaded_image1_1603638267.jpg
Chaussures,Prixsurdemande,"Yoff, Dakar, Sénégal",https://images.coinafrique.com/thumb_2710760_uploaded_image1_1603327864.jpg
Chaussures,Prixsurdemande,"Fass, Dakar, Sénégal",https://images.coinafrique.com/thumb_2705566_uploaded_image1_1603128488.jpg
Chaussures,3000,"Dieuppeul-Derklé, Dakar, Sénégal",https://images.coinafrique.com/thumb_2686221_uploaded_image1_1602375459.jpg
Chaussures,10000,"Dakar, Sénégal",https://images.coinafrique.com/thumb_2671653_uploaded_image1_1601824422.jpg
Chaussures,3000,"Dakar Plateau, Dakar, Sénégal",https://images.coinafrique.com/thumb_2658958_uploaded_image1_1601383110.jpg
Chaussures,3000,"Dakar Plateau, Dakar, Sénégal",https://images.coinafrique.com/thumb_2658953_uploaded_image1_1601383073.jpg
Chaussures,3000,"Dieuppeul-Derklé, Dakar, Sénégal",https://images.coinafrique.com/thumb_2655658_uploaded_image1_1601252815.jpg
Chaussures,5000,"Parcelle Assainies, Dakar, Sénégal",https://images.coinafrique.com/thumb_2646040_uploaded_image1_1600852986.jpg
Chaussures,3000,"Dieuppeul-Derklé, Dakar, Sénégal",https://images.coinafrique.com/thumb_2642974_uploaded_image1_1600732549.jpg
Chaussures,3000,"Dieuppeul-Derklé, Dakar, Sénégal",https://images.coinafrique.com/thumb_2629141_uploaded_image1_1600221342.jpg
Chaussures,3000,"Dieuppeul-Derklé, Dakar, Sénégal",https://images.coinafrique.com/thumb_2623386_uploaded_image1_1600019061.jpg
Chaussures,6000,"Dakar, Sénégal",https://images.coinafrique.com/thumb_2621862_uploaded_image1_1599941553.jpg
Chaussures,6000,"Dakar, Sénégal",https://images.coinafrique.com/thumb_2621852_uploaded_image1_1599941341.jpg
Chaussures,6000,"Dakar, Sénégal",https://images.coinafrique.com/thumb_2621850_uploaded_image1_1599941226.jpg
Chaussures,6000,"Dakar, Sénégal",https://images.coinafrique.com/thumb_2621842_uploaded_image1_1599941018.jpg
Chaussures,6000,"Dakar, Sénégal",https://images.coinafrique.com/thumb_2621836_uploaded_image1_1599940895.jpg
Chaussures,6000,"Dakar, Sénégal",https://images.coinafrique.com/thumb_2621830_uploaded_image1_1599940781.jpg
Chaussures,3000,"Dieuppeul-Derklé, Dakar, Sénégal",https://images.coinafrique.com/thumb_2612829_uploaded_image1_1599648926.jpg
Chaussures,3000,"Dieuppeul-Derklé, Dakar, Sénégal",https://images.coinafrique.com/thumb_2606174_uploaded_image1_1599441065.jpg
Chaussures,3000,"Dieuppeul-Derklé, Dakar, Sénégal",https://images.coinafrique.com/thumb_2601784_uploaded_image1_1599263254.jpg
Chaussures,Prixsurdemande,"Ouest Foire, Dakar, Sénégal",https://images.coinafrique.com/thumb_2594069_uploaded_image1_1599042727.jpg
Chaussures,8000,"Hann Bel-Air, Dakar, Sénégal",https://images.coinafrique.com/thumb_2584194_uploaded_image1_1598703235.jpg
Chaussures,Prixsurdemande,"Ouakam, Dakar, Sénégal",https://images.coinafrique.com/thumb_2543182_uploaded_image1_1597411837.jpg
Chaussures,Prixsurdemande,"Fass, Dakar, Sénégal",https://images.coinafrique.com/thumb_2530121_uploaded_image1_1597069575.jpg
Baskets,Prixsurdemande,"Fass, Dakar, Sénégal",https://images.coinafrique.com/thumb_2526613_uploaded_image1_1596969629.jpg
Chaussures,6000,"Dieuppeul-Derklé, Dakar, Sénégal",https://images.coinafrique.com/thumb_2486553_uploaded_image1_1595806629.jpg
Chaussures,6000,"Dieuppeul-Derklé, Dakar, Sénégal",https://images.coinafrique.com/thumb_2484023_uploaded_image1_1595729844.jpg
Chaussures,6000,"Dieuppeul-Derklé, Dakar, Sénégal",https://images.coinafrique.com/thumb_2484019_uploaded_image1_1595729648.jpg
Chaussures,7500,"Dieuppeul-Derklé, Dakar, Sénégal",https://images.coinafrique.com/thumb_2484015_uploaded_image1_1595729350.jpg
Chaussures,5000,"Dieuppeul-Derklé, Dakar, Sénégal",https://images.coinafrique.com/thumb_2484004_uploaded_image1_1595729080.jpg
Baskets,Prixsurdemande,"Dakar, Sénégal",https://images.coinafrique.com/thumb_2481675_uploaded_image1_1595675783.jpg
Chaussures,8000,"Dakar, Sénégal",https://images.coinafrique.com/thumb_2480205_uploaded_image1_1595631053.jpg
Chaussures,8000,"Dakar, Sénégal",https://images.coinafrique.com/thumb_2480204_uploaded_image1_1595631025.jpg
Chaussures,8500,"Biscuiterie, Dakar, Sénégal",https://images.coinafrique.com/thumb_2477046_uploaded_image1_1595580779.jpg
Chaussures,7500,"Dieuppeul-Derklé, Dakar, Sénégal",https://images.coinafrique.com/thumb_2476350_uploaded_image1_1595551356.jpg
Chaussures,5000,"Dieuppeul-Derklé, Dakar, Sénégal",https://images.coinafrique.com/thumb_2476339_uploaded_image1_1595551015.jpg
Chaussures,6000,"Dieuppeul-Derklé, Dakar, Sénégal",https://images.coinafrique.com/thumb_2472307_uploaded_image1_1595468941.jpg
Chaussures,6000,"Dieuppeul-Derklé, Dakar, Sénégal",https://images.coinafrique.com/thumb_2472298_uploaded_image1_1595468772.jpg
Chaussures,6000,"Dieuppeul-Derklé, Dakar, Sénégal",https://images.coinafrique.com/thumb_2472283_uploaded_image1_1595468382.jpg
Chaussures,Prixsurdemande,"Dakar, Sénégal",https://images.coinafrique.com/thumb_2460623_uploaded_image1_1595239531.jpg
Chaussures,Prixsurdemande,"Dakar, Sénégal",https://images.coinafrique.com/thumb_2460595_uploaded_image1_1595239204.jpg
Chaussures,6000,"Dieuppeul-Derklé, Dakar, Sénégal",https://images.coinafrique.com/thumb_2456502_uploaded_image1_1595118562.jpg
Chaussures,Prixsurdemande,"Dakar, Sénégal",https://images.coinafrique.com/thumb_2452832_uploaded_image1_1595021290.jpg
Chaussures,Prixsurdemande,"Grand Yoff, Dakar, Sénégal",https://images.coinafrique.com/thumb_2447627_uploaded_image1_1594918005.jpg
Chaussures,6000,"Dieuppeul-Derklé, Dakar, Sénégal",https://images.coinafrique.com/thumb_2444887_uploaded_image1_1594863625.jpg
Chaussures,4000,"Dakar, Sénégal",https://images.coinafrique.com/thumb_2444525_uploaded_image1_1594854180.jpg
Chaussures,6000,"Ouakam, Dakar, Sénégal",https://images.coinafrique.com/thumb_2443725_uploaded_image1_1594838891.jpg
Chaussures,5500,"Ouakam, Dakar, Sénégal",https://images.coinafrique.com/thumb_2443709_uploaded_image1_1594838430.jpg
Chaussures,Prixsurdemande,"Ouakam, Dakar, Sénégal",https://images.coinafrique.com/thumb_2443671_uploaded_image1_1594837680.jpg
Chaussures,6000,"Dieuppeul-Derklé, Dakar, Sénégal",https://images.coinafrique.com/thumb_2443093_uploaded_image1_1594828501.jpg
Chaussures,12000,"Hann Bel-Air, Dakar, Sénégal",https://images.coinafrique.com/thumb_2439527_uploaded_image1_1594751426.jpg
Chaussures,8000,"Dakar, Sénégal",https://images.coinafrique.com/thumb_2431711_uploaded_image1_1594596062.jpg
Chaussures,8000,"Dakar, Sénégal",https://images.coinafrique.com/thumb_2431710_uploaded_image1_1594596033.jpg
Chaussures,4500,"Mermoz-Sacré-Cœur, Dakar, Sénégal",https://images.coinafrique.com/thumb_2430991_uploaded_image1_1594579037.35.jpeg
Chaussures,Prixsurdemande,"Guediawaye, Dakar, Sénégal",https://images.coinafrique.com/thumb_2430002_uploaded_image1_1594558582.jpg
Chaussures,6000,"Dieuppeul-Derklé, Dakar, Sénégal",https://images.coinafrique.com/thumb_2428992_uploaded_image1_1594520466.jpg
Chaussures,8000,"Dakar, Sénégal",https://images.coinafrique.com/thumb_2428826_uploaded_image1_1594515028.jpg
Chaussures,8000,"Dakar, Sénégal",https://images.coinafrique.com/thumb_2428822_uploaded_image1_1594514978.jpg
Chaussures,8000,"Dakar, Sénégal",https://images.coinafrique.com/thumb_2428820_uploaded_image1_1594514951.jpg
Chaussures,6000,"Dieuppeul-Derklé, Dakar, Sénégal",https://images.coinafrique.com/thumb_2425191_uploaded_image1_1594428152.jpg
Chaussures,30000,"Dakar, Sénégal",https://images.coinafrique.com/thumb_2420883_uploaded_image2_1594336964.jpeg
Chaussures,2200,"Dakar, Sénégal",https://images.coinafrique.com/thumb_2420872_uploaded_image1_1594336760.jpg
Chaussures,3000,"Sicap Liberté, Dakar, Sénégal",https://images.coinafrique.com/thumb_2415033_uploaded_image1_1594235186.jpg
Chaussures,6000,"Dieuppeul-Derklé, Dakar, Sénégal",https://images.coinafrique.com/thumb_2413078_uploaded_image1_1594213991.jpg
Chaussures,6000,"Dieuppeul-Derklé, Dakar, Sénégal",https://images.coinafrique.com/thumb_2410519_uploaded_image1_1594168798.jpg
Chaussures,10000,"Dakar, Sénégal",https://images.coinafrique.com/thumb_2406863_uploaded_image1_1594125288.jpg
Chaussures,10000,"Dakar, Sénégal",https://images.coinafrique.com/thumb_2406856_uploaded_image1_1594125233.jpg
Chaussures,6000,"Dieuppeul-Derklé, Dakar, Sénégal",https://images.coinafrique.com/thumb_2406756_uploaded_image1_1594124181.jpg
Chaussures,9000,"Dakar, Sénégal",https://images.coinafrique.com/thumb_2394786_uploaded_image1_1593908865.jpg
Chaussures,9000,"Dakar, Sénégal",https://images.coinafrique.com/thumb_2394785_uploaded_image1_1593908839.jpg
Chaussures,9000,"Dakar, Sénégal",https://images.coinafrique.com/thumb_2394784_uploaded_image1_1593908812.jpg
Chaussures,9000,"Dakar, Sénégal",https://images.coinafrique.com/thumb_2394779_uploaded_image1_1593908787.jpg
Chaussures,8000,"Dakar Plateau, Dakar, Sénégal",https://images.coinafrique.com/thumb_2387260_uploaded_image1_1593777158.jpg
Chaussures,8000,"Dakar Plateau, Dakar, Sénégal",https://images.coinafrique.com/thumb_2387223_uploaded_image1_1593776935.jpg
Chaussures,5000,"Dieuppeul-Derklé, Dakar, Sénégal",https://images.coinafrique.com/thumb_2386398_uploaded_image1_1593767956.jpg
Chaussures,6000,"Dieuppeul-Derklé, Dakar, Sénégal",https://images.coinafrique.com/thumb_2384995_uploaded_image1_1593740881.jpg
Chaussures,6000,"Dieuppeul-Derklé, Dakar, Sénégal",https://images.coinafrique.com/thumb_2384989_uploaded_image1_1593740679.jpg
Chaussures,5000,"Dieuppeul-Derklé, Dakar, Sénégal",https://images.coinafrique.com/thumb_2374657_uploaded_image1_1593591600.jpg
Chaussures,6000,"Dieuppeul-Derklé, Dakar, Sénégal",https://images.coinafrique.com/thumb_2373859_uploaded_image1_1593565219.jpg
Chaussures,7000,"Grand Yoff, Dakar, Sénégal",https://images.coinafrique.com/thumb_2372034_uploaded_image1_1593536794.jpg
Chaussures,2000,"Parcelle Assainies, Dakar, Sénégal",https://images.coinafrique.com/thumb_2370678_uploaded_image1_1593519909.jpg
Chaussures,6000,"Dieuppeul-Derklé, Dakar, Sénégal",https://images.coinafrique.com/thumb_2368631_uploaded_image1_1593480923.jpg
Chaussures,6000,"Dieuppeul-Derklé, Dakar, Sénégal",https://images.coinafrique.com/thumb_2368597_uploaded_image1_1593479349.jpg
Chaussures,6000,"Dieuppeul-Derklé, Dakar, Sénégal",https://images.coinafrique.com/thumb_2368592_uploaded_image1_1593479154.jpg
Chaussures,6000,"Dieuppeul-Derklé, Dakar, Sénégal",https://images.coinafrique.com/thumb_2362995_uploaded_image1_1593391755.jpg
Chaussures,6000,"Dieuppeul-Derklé, Dakar, Sénégal",https://images.coinafrique.com/thumb_2358530_uploaded_image1_1593308116.jpg
Chaussures,6000,"Dieuppeul-Derklé, Dakar, Sénégal",https://images.coinafrique.com/thumb_2358522_uploaded_image1_1593307426.jpg
Chaussures,5000,"Dakar, Sénégal",https://images.coinafrique.com/thumb_2355164_uploaded_image1_1593254062.jpg
Chaussures,5000,"Dakar, Sénégal",https://images.coinafrique.com/thumb_2355154_uploaded_image1_1593253972.jpg
Chaussures,6000,"Dieuppeul-Derklé, Dakar, Sénégal",https://images.coinafrique.com/thumb_2353584_uploaded_image1_1593215803.jpg
Chaussures,6000,"Dieuppeul-Derklé, Dakar, Sénégal",https://images.coinafrique.com/thumb_2347318_uploaded_image1_1593121877.jpg
Chaussures,6000,"Dieuppeul-Derklé, Dakar, Sénégal",https://images.coinafrique.com/thumb_2342498_uploaded_image1_1593045989.jpg
Chaussures,6000,"Dieuppeul-Derklé, Dakar, Sénégal",https://images.coinafrique.com/thumb_2338432_uploaded_image1_1592996353.jpg
Chaussures,6000,"Dieuppeul-Derklé, Dakar, Sénégal",https://images.coinafrique.com/thumb_2338242_uploaded_image1_1592994800.jpg
Chaussures,7000,"Mermoz-Sacré-Cœur, Dakar, Sénégal",https://images.coinafrique.com/thumb_2325327_uploaded_image1_1592813494.35.jpeg
Chaussettes,2000,"Dakar, Sénégal",https://images.coinafrique.com/thumb_2309761_uploaded_image1_1592519361.jpg
Chaussures,7000,"Mermoz-Sacré-Cœur, Dakar, Sénégal",https://images.coinafrique.com/thumb_2309224_uploaded_image1_1592511424.09.jpeg
Bottes,5000,"Dakar, Sénégal",https://images.coinafrique.com/thumb_2306870_uploaded_image1_1592485025.jpg
Chaussures,5000,"Fass, Dakar, Sénégal",https://images.coinafrique.com/thumb_2267587_uploaded_image1_1591883524.jpg
Chaussures,8000,"Mermoz-Sacré-Cœur, Dakar, Sénégal",https://images.coinafrique.com/thumb_2232916_uploaded_image1_1591360785.0.jpeg
Chaussures,8000,"Mermoz-Sacré-Cœur, Dakar, Sénégal",https://images.coinafrique.com/thumb_2232803_uploaded_image1_1591359499.1.jpeg
Chaussures,8000,"Mermoz-Sacré-Cœur, Dakar, Sénégal",https://images.coinafrique.com/thumb_2232790_uploaded_image1_1591359369.97.jpeg
Claquettes,10000,"Dakar, Sénégal",https://images.coinafrique.com/thumb_2226824_uploaded_image1_1591274411.jpg
Chaussures,10000,"Dakar, Sénégal",https://images.coinafrique.com/thumb_2226808_uploaded_image1_1591274323.jpg
Mocassins,3000,"Parcelle Assainies, Dakar, Sénégal",https://images.coinafrique.com/thumb_2215961_uploaded_image1_1591114475.jpg
Chaussures,15000,"Mermoz-Sacré Coeur, Dakar, Sénégal",https://images.coinafrique.com/thumb_2194875_uploaded_image1_1590773724.jpg
Chaussures,1500,"Les Parcelles Assainies, Dakar, Sénégal",https://images.coinafrique.com/thumb_2183732_uploaded_image1_1590617703.jpg
Chaussures,25000,"Dakar, Sénégal",https://images.coinafrique.com/thumb_2159342_uploaded_image1_1590187020.jpg
Chaussures,25000,"Dakar Plateau, Dakar, Sénégal",https://images.coinafrique.com/thumb_2155033_uploaded_image1_1590126435.jpg
Claquettes,3500,"HLM, Dakar, Sénégal",https://images.coinafrique.com/thumb_2141792_uploaded_image1_1589925335.jpg
Chaussures,10000,"Dakar, Sénégal",https://images.coinafrique.com/thumb_2136742_uploaded_image1_1589868433.jpg
Chaussures,5000,"HLM, Dakar, Sénégal",https://images.coinafrique.com/thumb_2132107_uploaded_image1_1589794495.jpg
Chaussures,15000,"Mermoz-Sacré Coeur, Dakar, Sénégal",https://images.coinafrique.com/thumb_2107561_uploaded_image1_1589392060.jpg
Chaussures,10000,"Grand Yoff, Dakar, Sénégal",https://images.coinafrique.com/thumb_2089890_uploaded_image1_1589126792.jpg
Chaussures,1000,"Les Parcelles Assainies, Dakar, Sénégal",https://images.coinafrique.com/thumb_2085293_uploaded_image1_1589039358.jpg
Mocassins,8000,"Fann, Dakar, Sénégal",https://images.coinafrique.com/thumb_2076365_uploaded_image1_1588895603.jpg
Chaussures,8000,"Fann, Dakar, Sénégal",https://images.coinafrique.com/thumb_2076146_uploaded_image1_1588892627.jpg
Chaussures,10000,"Fann, Dakar, Sénégal",https://images.coinafrique.com/thumb_2065087_uploaded_image1_1588754465.jpg
Chaussures,10000,"Fann, Dakar, Sénégal",https://images.coinafrique.com/thumb_2065082_uploaded_image1_1588754439.jpg
Chaussures,10000,"Fann, Dakar, Sénégal",https://images.coinafrique.com/thumb_2065078_uploaded_image1_1588754407.jpg
Chaussures,7000,"HLM, Dakar, Sénégal",https://images.coinafrique.com/thumb_2063105_uploaded_image1_1588710562.jpg
Chaussures,7000,"HLM, Dakar, Sénégal",https://images.coinafrique.com/thumb_2063093_uploaded_image1_1588710337.jpg
Chaussures,10000,"Fann, Dakar, Sénégal",https://images.coinafrique.com/thumb_2061931_uploaded_image1_1588694498.jpg
Chaussures,10000,"Fann, Dakar, Sénégal",https://images.coinafrique.com/thumb_2061930_uploaded_image1_1588694471.jpg
Chaussures,10000,"Fann, Dakar, Sénégal",https://images.coinafrique.com/thumb_2061928_uploaded_image1_1588694441.jpg
Chaussures,10000,"Fann, Dakar, Sénégal",https://images.coinafrique.com/thumb_2061925_uploaded_image1_1588694405.jpg
Chaussures,10000,"Fann, Dakar, Sénégal",https://images.coinafrique.com/thumb_2061921_uploaded_image1_1588694361.jpg
Chaussures,15000,"Fann, Dakar, Sénégal",https://images.coinafrique.com/thumb_2059409_uploaded_image1_1588669821.jpg
Chaussons,1000,"Rufisque, Sénégal",https://images.coinafrique.com/thumb_1910111_uploaded_image1_1586296633.75.png
Chaussures,10000,"Fass, Dakar, Sénégal",https://images.coinafrique.com/thumb_1908886_uploaded_image1_1586280238.42.png
Chaussures,12000,"Fass, Dakar, Sénégal",https://images.coinafrique.com/thumb_1907189_uploaded_image1_1586261390.67.png
Chaussures,5000,"Rufisque, Sénégal",https://images.coinafrique.com/thumb_1906443_uploaded_image1_1586253297.45.png
Chaussures,5000,"Rufisque, Sénégal",https://images.coinafrique.com/thumb_1906434_uploaded_image1_1586253219.55.png
Chaussures,5000,"Rufisque, Sénégal",https://images.coinafrique.com/thumb_1906399_uploaded_image1_1586252881.19.png
Chaussures,7000,"Dakar, Sénégal",https://images.coinafrique.com/thumb_1873847_uploaded_image1_1585663572.73.png
Chaussures,2000,"Dakar Plateau, Dakar, Sénégal",https://images.coinafrique.com/thumb_1860238_uploaded_image1_1585403818.62.png
Chaussures,Prixsurdemande,"Grand Yoff, Dakar, Sénégal",https://images.coinafrique.com/thumb_1828175_uploaded_image1_1584792865.72.png
Chaussures,Prixsurdemande,"Grand Yoff, Dakar, Sénégal",https://images.coinafrique.com/thumb_1828156_uploaded_image1_1584792551.44.png
Chaussures,Prixsurdemande,"HLM, Dakar, Sénégal",https://images.coinafrique.com/thumb_1739397_uploaded_image1_1583259534.94.png
Chaussures,10000,"Les Parcelles Assainies, Dakar, Sénégal",https://images.coinafrique.com/thumb_1711436_uploaded_image1_1582778564.65.png
Claquettes,10000,"Dakar Plateau, Dakar, Sénégal",https://images.coinafrique.com/thumb_1679922_uploaded_image1_1582210105.85.png
Chaussures,Prixsurdemande,"Fass, Dakar, Sénégal",https://images.coinafrique.com/thumb_1612546_uploaded_image1_1581098603.48.png
Chaussures,Prixsurdemande,"Fass, Dakar, Sénégal",https://images.coinafrique.com/thumb_1612540_uploaded_image1_1581098569.88.png
Chaussures,Prixsurdemande,"Fass, Dakar, Sénégal",https://images.coinafrique.com/thumb_1612534_uploaded_image1_1581098501.44.png
Chaussures,Prixsurdemande,"Fass, Dakar, Sénégal",https://images.coinafrique.com/thumb_1612532_uploaded_image1_1581098455.63.png
Chaussures,8000,"Les Parcelles Assainies, Dakar, Sénégal",https://images.coinafrique.com/thumb_1607931_uploaded_image1_1581037601.04.png
Chaussures,Prixsurdemande,"Fass, Dakar, Sénégal",https://images.coinafrique.com/thumb_1581553_uploaded_image1_1580655629.12.png
Chaussures,5000,"Fass, Dakar, Sénégal",https://images.coinafrique.com/thumb_1581551_uploaded_image1_1580655582.93.png
Chaussures,5000,"Fass, Dakar, Sénégal",https://images.coinafrique.com/thumb_1581547_uploaded_image1_1580655536.54.png
Chaussures,5000,"Fass, Dakar, Sénégal",https://images.coinafrique.com/thumb_1581543_uploaded_image1_1580655480.41.png
Chaussures,5000,"Fass, Dakar, Sénégal",https://images.coinafrique.com/thumb_1581540_uploaded_image1_1580655426.76.png
Baskets,40000,"Thies Nord, Thiès, Sénégal",https://images.coinafrique.com/thumb_1566247_uploaded_image1_1580391008.81.png
Baskets,40000,"Thies Nord, Thiès, Sénégal",https://images.coinafrique.com/thumb_1566225_uploaded_image2_1580390769.12.png
Sandales,Prixsurdemande,"Fass, Dakar, Sénégal",https://images.coinafrique.com/thumb_1565794_uploaded_image1_1580386215.45.png
Chaussures,Prixsurdemande,"Sicap-Liberté, Dakar, Sénégal",https://images.coinafrique.com/thumb_1413364_uploaded_image1_1577802616.96.png
Chaussures,10000,"Mermoz-Sacré-Cœur, Dakar, Sénégal",https://images.coinafrique.com/thumb_1409266_uploaded_image1_1577711646.42.png
Chaussures,7000,"Les Parcelles Assainies, Dakar, Sénégal",https://images.coinafrique.com/thumb_1388690_uploaded_image1_1577283660.0.png
Chaussures,4000,"Grand Yoff, Dakar, Sénégal",https://images.coinafrique.com/thumb_1381082_uploaded_image1_1577115739.61.png
Chaussures,12000,"Grand Yoff, Dakar, Sénégal",https://images.coinafrique.com/thumb_1369049_uploaded_image1_1576856907.85.png
Coffrets,6000,"Sicap Liberté, Dakar, Sénégal",https://images.coinafrique.com/thumb_1357961_uploaded_image1_1576667812.04.png
Claquettes,9000,"Mermoz-Sacré-Cœur, Dakar, Sénégal",https://images.coinafrique.com/thumb_1352820_uploaded_image1_1576580373.29.png
Chaussures,Prixsurdemande,"HLM, Dakar, Sénégal",https://images.coinafrique.com/thumb_1273021_uploaded_image2_1575074492.39.png
Chaussures,7500,"Guediawaye, Dakar, Sénégal",https://images.coinafrique.com/thumb_1271193_uploaded_image1_1575044622.08.png
Chaussures,3500,"Dakar, Sénégal",https://images.coinafrique.com/thumb_1270845_uploaded_image1_1575041164.15.png
Chaussures,Prixsurdemande,"Hann Bel-Air, Dakar, Sénégal",https://images.coinafrique.com/thumb_1261223_uploaded_image1_1574870941.9.png
Chaussures,Prixsurdemande,"Les Parcelles Assainies, Dakar, Sénégal",https://images.coinafrique.com/thumb_1257492_uploaded_image1_1574803246.81.png
Claquettes,Prixsurdemande,"Mermoz-Sacré-Cœur, Dakar, Sénégal",https://images.coinafrique.com/thumb_1243853_uploaded_image1_1574535955.25.png
Chaussures,Prixsurdemande,"Guediawaye, Dakar, Sénégal",https://images.coinafrique.com/thumb_1215779_uploaded_image1_1574081577.15.png
Chaussures,7000,"Dakar, Sénégal",https://images.coinafrique.com/thumb_1183496_uploaded_image1_1573475198.52.png
Chaussures,3000,"Les Parcelles Assainies, Dakar, Sénégal",https://images.coinafrique.com/thumb_1131220_uploaded_image1_1572433036.53.png
Chaussures,Prixsurdemande,"HLM, Dakar, Sénégal",https://images.coinafrique.com/thumb_1107988_uploaded_image1_1571960612.66.png
Chaussures,5000,"Les Parcelles Assainies, Dakar, Sénégal",https://images.coinafrique.com/thumb_1088264_uploaded_image1_1571609033.03.png
Chaussures,8000,"Ouakam, Dakar, Sénégal",https://images.coinafrique.com/thumb_1061846_uploaded_image1_1571051734.07.png
Mocassins,5000,"Les Parcelles Assainies, Dakar, Sénégal",https://images.coinafrique.com/thumb_1056625_uploaded_image1_1570898469.33.png
Chaussures,12500,"Rufisque, Sénégal",https://images.coinafrique.com/thumb_1048681_uploaded_image1_1570725349.01.png
Mocassins,4000,"Mermoz-Sacré-Cœur, Dakar, Sénégal",https://images.coinafrique.com/thumb_1025460_uploaded_image1_1570221546.08.png
Chaussures,3000,"Keur Massar, Sénégal",https://images.coinafrique.com/thumb_997837_uploaded_image1_1569622630.58.png
Chaussures,4000,"Keur Massar, Sénégal",https://images.coinafrique.com/thumb_997786_uploaded_image1_1569621938.2.png
Chaussures,7000,"Dakar, Sénégal",https://images.coinafrique.com/thumb_991150_uploaded_image1_1569498881.69.png
Chaussures,3000,"M'bour, Sénégal",https://images.coinafrique.com/thumb_989602_uploaded_image1_1569455878.5.png
Chaussures,3000,"M'bour, Sénégal",https://images.coinafrique.com/thumb_989597_uploaded_image1_1569455797.26.png
Chaussures,3000,"M'bour, Sénégal",https://images.coinafrique.com/thumb_989571_uploaded_image1_1569455169.87.png
Chaussures,2500,"M'bour, Sénégal",https://images.coinafrique.com/thumb_989555_uploaded_image1_1569454732.88.png
Chaussures,7000,"Patte d'Oie, Dakar, Sénégal",https://images.coinafrique.com/thumb_971817_uploaded_image1_1569079950.62.png
Chaussures,7000,"Les Parcelles Assainies, Dakar, Sénégal",https://images.coinafrique.com/thumb_971814_uploaded_image1_1569079860.47.png
Chaussures,20000,"Grand Yoff, Dakar, Sénégal",https://images.coinafrique.com/thumb_963710_uploaded_image1_1568898631.18.png
Chaussures,10000,"Dakar, Sénégal",https://images.coinafrique.com/thumb_961311_uploaded_image1_1568849341.17.png
Chaussures,15000,"Saly, Sénégal",https://images.coinafrique.com/thumb_947507_uploaded_image1_1568567749.69.png
Baskets,15000,"Mermoz-Sacré-Cœur, Dakar, Sénégal",https://images.coinafrique.com/thumb_919329_uploaded_image1_1567854794.2.png
Chaussures,10000,Sénégal,https://images.coinafrique.com/thumb_919324_uploaded_image1_1567854655.1.png
Chaussures,7000,Sénégal,https://images.coinafrique.com/thumb_905654_uploaded_image1_1567532748.81.png
Chaussures,Prixsurdemande,"Dakar, Sénégal",https://images.coinafrique.com/thumb_905461_uploaded_image1_1567528992.85.png
Chaussures,Prixsurdemande,"Dakar, Sénégal",https://images.coinafrique.com/thumb_905455_uploaded_image1_1567528936.77.png
Chaussures,Prixsurdemande,"Dakar, Sénégal",https://images.coinafrique.com/thumb_905452_uploaded_image1_1567528876.26.png
Chaussures,Prixsurdemande,"Dakar, Sénégal",https://images.coinafrique.com/thumb_905450_uploaded_image1_1567528833.56.png
Chaussures,Prixsurdemande,"Dakar, Sénégal",https://images.coinafrique.com/thumb_905446_uploaded_image1_1567528767.16.png
Chaussures,Prixsurdemande,"Dakar, Sénégal",https://images.coinafrique.com/thumb_905442_uploaded_image1_1567528724.67.png
Chaussures,Prixsurdemande,"Dakar, Sénégal",https://images.coinafrique.com/thumb_905439_uploaded_image1_1567528632.43.png
Chaussures,Prixsurdemande,"Dakar, Sénégal",https://images.coinafrique.com/thumb_905437_uploaded_image1_1567528599.94.png
Chaussures,Prixsurdemande,"Dakar, Sénégal",https://images.coinafrique.com/thumb_905432_uploaded_image1_1567528544.51.png
Chaussures,Prixsurdemande,"Dakar, Sénégal",https://images.coinafrique.com/thumb_905430_uploaded_image1_1567528509.05.png
Chaussures,Prixsurdemande,"Dakar, Sénégal",https://images.coinafrique.com/thumb_905429_uploaded_image1_1567528425.06.png
Chaussures,Prixsurdemande,"Dakar, Sénégal",https://images.coinafrique.com/thumb_905424_uploaded_image1_1567528377.1.png
Chaussures,Prixsurdemande,"Dakar, Sénégal",https://images.coinafrique.com/thumb_905422_uploaded_image1_1567528291.23.png
Chaussures,Prixsurdemande,"Dakar, Sénégal",https://images.coinafrique.com/thumb_905416_uploaded_image1_1567528250.24.png
Chaussures,Prixsurdemande,"Dakar, Sénégal",https://images.coinafrique.com/thumb_905412_uploaded_image1_1567528198.79.png
Chaussures,Prixsurdemande,"Dakar, Sénégal",https://images.coinafrique.com/thumb_905410_uploaded_image1_1567528155.93.png
Chaussures,Prixsurdemande,"Dakar, Sénégal",https://images.coinafrique.com/thumb_905406_uploaded_image1_1567528116.55.png
Chaussures,Prixsurdemande,"Dakar, Sénégal",https://images.coinafrique.com/thumb_905401_uploaded_image1_1567528046.76.png
Chaussures,Prixsurdemande,"Dakar, Sénégal",https://images.coinafrique.com/thumb_905399_uploaded_image1_1567528008.97.png
Chaussures,Prixsurdemande,"Dakar, Sénégal",https://images.coinafrique.com/thumb_905397_uploaded_image1_1567527975.86.png
Chaussures,Prixsurdemande,"Dakar, Sénégal",https://images.coinafrique.com/thumb_905394_uploaded_image1_1567527922.13.png
Chaussures,Prixsurdemande,"Dakar, Sénégal",https://images.coinafrique.com/thumb_905388_uploaded_image1_1567527880.73.png
chaussures,Prixsurdemande,"Dakar, Sénégal",https://images.coinafrique.com/thumb_905385_uploaded_image1_1567527792.61.png
Chaussures,Prixsurdemande,"Dakar, Sénégal",https://images.coinafrique.com/thumb_905383_uploaded_image1_1567527755.2.png
Chaussures,Prixsurdemande,"Dakar, Sénégal",https://images.coinafrique.com/thumb_905378_uploaded_image1_1567527715.54.png
Chaussures,Prixsurdemande,"Dakar, Sénégal",https://images.coinafrique.com/thumb_905376_uploaded_image1_1567527683.78.png
Chaussures,Prixsurdemande,"Dakar, Sénégal",https://images.coinafrique.com/thumb_905373_uploaded_image1_1567527650.34.png
Chaussures,Prixsurdemande,"Dakar, Sénégal",https://images.coinafrique.com/thumb_905369_uploaded_image1_1567527617.39.png
Chaussures,Prixsurdemande,"Dakar, Sénégal",https://images.coinafrique.com/thumb_905367_uploaded_image1_1567527588.75.png
Chaussures,Prixsurdemande,"Dakar, Sénégal",https://images.coinafrique.com/thumb_905365_uploaded_image1_1567527559.02.png
Chaussures,Prixsurdemande,"Dakar, Sénégal",https://images.coinafrique.com/thumb_905363_uploaded_image1_1567527530.77.png
Chaussures,Prixsurdemande,"Dakar, Sénégal",https://images.coinafrique.com/thumb_905360_uploaded_image1_1567527475.22.png
Chaussures,Prixsurdemande,"Dakar, Sénégal",https://images.coinafrique.com/thumb_905353_uploaded_image1_1567527349.0.png
Baskets,12000,"Dakar, Sénégal",https://images.coinafrique.com/thumb_902727_uploaded_image1_1567471565.75.png
Chaussures,12000,"Dakar, Sénégal",https://images.coinafrique.com/thumb_902724_uploaded_image1_1567471369.88.png
Chaussures,10000,Sénégal,https://images.coinafrique.com/thumb_894314_uploaded_image1_1567188587.1.png
Claquettes,8000,Sénégal,https://images.coinafrique.com/thumb_894267_uploaded_image1_1567187400.66.png
Chaussures,15000,Sénégal,https://images.coinafrique.com/thumb_894226_uploaded_image1_1567186853.35.png
Chaussures,8000,Sénégal,https://images.coinafrique.com/thumb_894185_uploaded_image1_1567186147.73.png
Chaussures,Prixsurdemande,"Dakar, Sénégal",https://images.coinafrique.com/thumb_892623_uploaded_image1_1567161532.45.png
Chaussures,Prixsurdemande,"Dakar, Sénégal",https://images.coinafrique.com/thumb_892617_uploaded_image1_1567161496.62.png
Chaussures,Prixsurdemande,"Dakar, Sénégal",https://images.coinafrique.com/thumb_892611_uploaded_image1_1567161455.24.png
Chaussures,Prixsurdemande,"Dakar, Sénégal",https://images.coinafrique.com/thumb_892593_uploaded_image1_1567161453.51.png
Chaussures,13000,Sénégal,https://images.coinafrique.com/thumb_884530_uploaded_image1_1566983419.29.png
Chaussures,7500,"Cambérène, Dakar, Sénégal",https://images.coinafrique.com/thumb_878809_uploaded_image1_1566841399.24.png
Chaussures,7500,Sénégal,https://images.coinafrique.com/thumb_878800_uploaded_image1_1566841283.51.png
Ensemble,15000,"Cambérène, Dakar, Sénégal",https://images.coinafrique.com/thumb_861833_uploaded_image1_1566391948.31.png
Chaussures,6000,"Les Parcelles Assainies, Dakar, Sénégal",https://images.coinafrique.com/thumb_854221_uploaded_image1_1566227990.03.png
Chaussures,8500,"Cambérène, Dakar, Sénégal",https://images.coinafrique.com/thumb_848875_uploaded_image1_1566050610.48.png
Mocassins,Prixsurdemande,"Les Parcelles Assainies, Dakar, Sénégal",https://images.coinafrique.com/thumb_838292_uploaded_image1_1565733704.96.png
Chaussures,8000,"Les Parcelles Assainies, Dakar, Sénégal",https://images.coinafrique.com/thumb_838285_uploaded_image1_1565733521.41.png
Chaussures,8000,"Les Parcelles Assainies, Dakar, Sénégal",https://images.coinafrique.com/thumb_825843_uploaded_image1_1565308869.98.png
Chaussures,8000,"Les Parcelles Assainies, Dakar, Sénégal",https://images.coinafrique.com/thumb_824543_uploaded_image1_1565279780.97.png
Chaussures,Prixsurdemande,"Dakar, Sénégal",https://images.coinafrique.com/thumb_813318_uploaded_image1_1565013222.75.png
Chaussures,Prixsurdemande,"Dakar, Sénégal",https://images.coinafrique.com/thumb_813303_uploaded_image1_1565013123.95.png
Chaussures,Prixsurdemande,"Dakar, Sénégal",https://images.coinafrique.com/thumb_813299_uploaded_image1_1565012935.88.png
Chaussures,Prixsurdemande,"Dakar, Sénégal",https://images.coinafrique.com/thumb_813287_uploaded_image1_1565012771.79.png
Chaussures,Prixsurdemande,"Dakar, Sénégal",https://images.coinafrique.com/thumb_813282_uploaded_image1_1565012680.37.png
Chaussures,Prixsurdemande,"Dakar, Sénégal",https://images.coinafrique.com/thumb_813272_uploaded_image1_1565012560.04.png
Chaussures,Prixsurdemande,"Dakar, Sénégal",https://images.coinafrique.com/thumb_813239_uploaded_image1_1565012155.7.png
Chaussures,Prixsurdemande,"Dakar, Sénégal",https://images.coinafrique.com/thumb_813230_uploaded_image1_1565011989.51.png
Chaussures,Prixsurdemande,"Dakar, Sénégal",https://images.coinafrique.com/thumb_813228_uploaded_image1_1565011936.11.png
Chaussures,Prixsurdemande,"Dakar, Sénégal",https://images.coinafrique.com/thumb_813226_uploaded_image1_1565011851.3.png
Chaussures,Prixsurdemande,"Dakar, Sénégal",https://images.coinafrique.com/thumb_813222_uploaded_image1_1565011799.02.png
Chaussures,Prixsurdemande,"Dakar, Sénégal",https://images.coinafrique.com/thumb_813213_uploaded_image1_1565011607.36.png
Chaussures,Prixsurdemande,"Dakar, Sénégal",https://images.coinafrique.com/thumb_813210_uploaded_image1_1565011527.31.png
Chaussures,Prixsurdemande,"Dakar, Sénégal",https://images.coinafrique.com/thumb_813206_uploaded_image1_1565011464.28.png
Chaussures,Prixsurdemande,"Dakar, Sénégal",https://images.coinafrique.com/thumb_813203_uploaded_image1_1565011424.68.png
Chaussures,Prixsurdemande,"Dakar, Sénégal",https://images.coinafrique.com/thumb_813196_uploaded_image1_1565011238.23.png
Chaussures,Prixsurdemande,"Dakar, Sénégal",https://images.coinafrique.com/thumb_811210_uploaded_image1_1564948595.79.png
Talons,Prixsurdemande,Sénégal,https://images.coinafrique.com/thumb_801336_uploaded_image1_1564654599.57.png
Chaussures,Prixsurdemande,Sénégal,https://images.coinafrique.com/thumb_801329_uploaded_image1_1564654543.94.png
Talons,Prixsurdemande,Sénégal,https://images.coinafrique.com/thumb_801320_uploaded_image1_1564654471.2.png
Chaussures,Prixsurdemande,"Biscuiterie, Dakar, Sénégal",https://images.coinafrique.com/thumb_799556_uploaded_image1_1564591363.49.png
Chaussures,Prixsurdemande,"Petit-Mbao, Dakar, Sénégal",https://images.coinafrique.com/thumb_799181_uploaded_image1_1564584908.27.png
Chaussures,Prixsurdemande,"Les Parcelles Assainies, Dakar, Sénégal",https://images.coinafrique.com/thumb_797188_uploaded_image1_1564528106.05.png
Chaussures,Prixsurdemande,"Fann, Dakar, Sénégal",https://images.coinafrique.com/thumb_796883_uploaded_image1_1564515565.66.png
Chaussures,Prixsurdemande,"Fann, Dakar, Sénégal",https://images.coinafrique.com/thumb_796881_uploaded_image1_1564515527.51.png
Chaussures,Prixsurdemande,"Fann, Dakar, Sénégal",https://images.coinafrique.com/thumb_796879_uploaded_image1_1564515493.31.png
Chaussures,4000,Sénégal,https://images.coinafrique.com/thumb_792468_uploaded_image1_1564410485.85.png
Chaussures,Prixsurdemande,"Point E, Dakar, Sénégal",https://images.coinafrique.com/thumb_792099_uploaded_image1_1564403460.51.png
Chaussures,Prixsurdemande,"Point E, Dakar, Sénégal",https://images.coinafrique.com/thumb_792044_uploaded_image1_1564402826.19.png
Chaussures,Prixsurdemande,"Point E, Dakar, Sénégal",https://images.coinafrique.com/thumb_792041_uploaded_image1_1564402795.9.png
Chaussures,Prixsurdemande,"Point E, Dakar, Sénégal",https://images.coinafrique.com/thumb_792038_uploaded_image1_1564402766.76.png
Claquettes,Prixsurdemande,Sénégal,https://images.coinafrique.com/thumb_781661_uploaded_image1_1564075024.17.png
Chaussures,Prixsurdemande,"Guédiawaye, Dakar, Sénégal",https://images.coinafrique.com/thumb_750022_uploaded_image1_1563279678.59.png
Chaussures,Prixsurdemande,"Guédiawaye, Dakar, Sénégal",https://images.coinafrique.com/thumb_750016_uploaded_image1_1563279645.35.png
